{
    "0900955977": {
        "fullname": "Workalem Tadele",
        "phone": "0900955977",
        "Grade": "9",
        "Section": "A",
        "password": "surafel2121"
    },
    "0953589764": {
        "fullname": "hhh",
        "Grade": null,
        "Section": "A",
        "phone": "0953589764",
        "password": "8994"
    },
    "0918058992": {
        "fullname": "mr wm",
        "phone": "0918058992",
        "password": "surafel2121"
    },
    "0988465978": {
        "fullname": "sofoniyas",
        "phone": "0988465978",
        "password": "sofiniyasok"
    },
    "0956568978": {
        "fullname": "worku mule",
        "Grade": null,
        "phone": "0956568978",
        "password": "surafel2121"
    },
    "0923235687": {
        "fullname": "Bisrat Lema",
        "Grade": null,
        "Section": "B",
        "phone": "0923235687",
        "password": "surafel2323"
    },
    "8451232103": {
        "fullname": "Abe",
        "Grade": null,
        "Section": "D",
        "phone": "8451232103",
        "password": "12345678"
    },
    "8852120345": {
        "fullname": "kebe",
        "Grade": null,
        "Section": null,
        "phone": "8852120345",
        "password": "12345678"
    },
    "8520236523": {
        "fullname": "taste",
        "Grade": null,
        "Section": null,
        "phone": "8520236523",
        "password": "8520236523"
    },
    "1234567899": {
        "fullname": "taste2",
        "Grade": null,
        "Section": "B",
        "phone": "1234567899",
        "password": "12345678"
    },
    "9876543210": {
        "fullname": "taste3",
        "Grade": "12",
        "Section": "C",
        "phone": "9876543210",
        "password": "987654321"
    },
    "78452165946": {
        "fullname": "taste 10",
        "Grade": "11",
        "Section": "D",
        "SEX": "Female",
        "phone": "78452165946",
        "password": "78452165946130365"
    },
    "85236523052152": {
        "fullname": "kebubu",
        "Grade": "12",
        "Section": "C",
        "SEX": "Male",
        "phone": "85236523052152",
        "password": "surafel2121"
    }
}